{
  "lang":"en",
  "name":"pipeline",
  "version":"0.0.0",
  "spacy_version":">=3.4.4,<3.5.0",
  "description":"",
  "author":"",
  "email":"",
  "url":"",
  "license":"",
  "spacy_git_version":"77833bfef",
  "vectors":{
    "width":0,
    "vectors":0,
    "keys":0,
    "name":null,
    "mode":"default"
  },
  "labels":{
    "tok2vec":[

    ],
    "ner":[
      "Food",
      "Phenotype"
    ]
  },
  "pipeline":[
    "tok2vec",
    "ner"
  ],
  "components":[
    "tok2vec",
    "ner"
  ],
  "disabled":[

  ],
  "performance":{
    "ents_f":0.8860759494,
    "ents_p":0.9090909091,
    "ents_r":0.8641975309,
    "ents_per_type":{
      "Food":{
        "p":0.925,
        "r":0.9024390244,
        "f":0.9135802469
      },
      "Phenotype":{
        "p":0.8918918919,
        "r":0.825,
        "f":0.8571428571
      }
    },
    "tok2vec_loss":0.0000026588,
    "ner_loss":0.0000003666
  }
}