{
  "lang":"en",
  "name":"pipeline",
  "version":"0.0.0",
  "spacy_version":">=3.4.4,<3.5.0",
  "description":"",
  "author":"",
  "email":"",
  "url":"",
  "license":"",
  "spacy_git_version":"77833bfef",
  "vectors":{
    "width":0,
    "vectors":0,
    "keys":0,
    "name":null,
    "mode":"default"
  },
  "labels":{
    "tok2vec":[

    ],
    "ner":[
      "Food",
      "Phenotype"
    ]
  },
  "pipeline":[
    "tok2vec",
    "ner"
  ],
  "components":[
    "tok2vec",
    "ner"
  ],
  "disabled":[

  ],
  "performance":{
    "ents_f":0.6509635974,
    "ents_p":0.6846846847,
    "ents_r":0.6204081633,
    "ents_per_type":{
      "Food":{
        "p":0.6870748299,
        "r":0.6234567901,
        "f":0.6537216828
      },
      "Phenotype":{
        "p":0.68,
        "r":0.6144578313,
        "f":0.6455696203
      }
    },
    "tok2vec_loss":201.8810046516,
    "ner_loss":493.4630533251
  }
}