{
  "lang":"en",
  "name":"pipeline",
  "version":"0.0.0",
  "spacy_version":">=3.4.4,<3.5.0",
  "description":"",
  "author":"",
  "email":"",
  "url":"",
  "license":"",
  "spacy_git_version":"77833bfef",
  "vectors":{
    "width":0,
    "vectors":0,
    "keys":0,
    "name":null,
    "mode":"default"
  },
  "labels":{
    "tok2vec":[

    ],
    "ner":[
      "Food",
      "Phenotype"
    ]
  },
  "pipeline":[
    "tok2vec",
    "ner"
  ],
  "components":[
    "tok2vec",
    "ner"
  ],
  "disabled":[

  ],
  "performance":{
    "ents_f":0.9125,
    "ents_p":0.9240506329,
    "ents_r":0.9012345679,
    "ents_per_type":{
      "Food":{
        "p":0.9268292683,
        "r":0.9268292683,
        "f":0.9268292683
      },
      "Phenotype":{
        "p":0.9210526316,
        "r":0.875,
        "f":0.8974358974
      }
    },
    "tok2vec_loss":18.3184164245,
    "ner_loss":2.3821658025
  }
}