{
  "lang":"en",
  "name":"pipeline",
  "version":"0.0.0",
  "spacy_version":">=3.4.4,<3.5.0",
  "description":"",
  "author":"",
  "email":"",
  "url":"",
  "license":"",
  "spacy_git_version":"77833bfef",
  "vectors":{
    "width":0,
    "vectors":0,
    "keys":0,
    "name":null,
    "mode":"default"
  },
  "labels":{
    "tok2vec":[

    ],
    "ner":[
      "Food",
      "Phenotype"
    ]
  },
  "pipeline":[
    "tok2vec",
    "ner"
  ],
  "components":[
    "tok2vec",
    "ner"
  ],
  "disabled":[

  ],
  "performance":{
    "ents_f":0.5921052632,
    "ents_p":0.6398104265,
    "ents_r":0.5510204082,
    "ents_per_type":{
      "Food":{
        "p":0.6569343066,
        "r":0.5555555556,
        "f":0.602006689
      },
      "Phenotype":{
        "p":0.6081081081,
        "r":0.5421686747,
        "f":0.5732484076
      }
    },
    "tok2vec_loss":344.094358814,
    "ner_loss":1038.4063792927
  }
}